,ra,dec,pmra,pmdec
0,219.3706292687711,-27.312548386317967,0.0531340262259181,-1.674612868425954
1,219.3739955125741,-27.24380100571541,-0.960710814997746,-0.2837079078787503
2,219.3634584609515,-27.213113113753742,0.6749571336870095,-1.7411531330151055
3,219.33693140665324,-27.172984658800964,-0.0579748759912353,-0.5641308416947834
4,219.4637062526548,-27.18940754615546,-0.4389139708936746,-0.487856073158835
5,219.35978482046187,-27.111370893419416,-0.8577532961202331,-1.1783106697360153
6,219.37031746817496,-26.96346006500692,-0.5309873276251532,-0.5645920719741537
7,219.36553083137144,-26.96646358476827,-0.8660769914373315,-0.6592445975152579
8,219.51623578865969,-27.078855087096954,-0.4149273689021296,-0.4393930807164801
9,219.6282224323604,-27.030709141579628,0.2601848300709539,-1.3122675433031696
10,219.6091877652397,-26.99319028262932,-0.8288386357226858,-1.5450901789011011
11,219.6547833355974,-26.969481689947912,0.2418287403625881,-0.2658580726307118
12,219.5621087644813,-26.94842063683349,-0.9829995515890524,-0.8659449341594971
13,219.5178112262045,-26.966895529784946,0.6558557621501,-1.2766563587751891
14,219.5016481624524,-26.87949043338073,0.4556552982321323,-0.5012466446670623
15,219.5061026492424,-26.86902409118007,-0.1904115912329279,-1.169156822518379
16,219.22740026675825,-27.04988339345592,0.1043168589081022,-0.1282379583450317
17,219.2273061597024,-27.03186020259809,-0.474987979244643,-0.2790855129143353
18,219.1684695815511,-27.029156053913443,-0.4409833572234457,-0.90670314502115
19,219.1267087342958,-27.036023392826024,-0.6527805611157496,-1.6156904520385664
20,219.14614263553668,-26.92149134501842,-0.7087046329148176,-1.1007544153146465
21,219.0723092589326,-26.90806324893484,-0.692318206426493,-1.5277415792101077
22,219.11263760636825,-26.88231790480161,-0.0034800544462899,-1.5900035312430525
23,219.1271636527449,-26.87285104967336,-0.9044294460058452,-1.1669613901054483
24,219.20054119745416,-26.854816180367912,-0.3489199345409889,-1.3027582155370752
25,219.4136766366213,-26.84638049532111,-0.8643914121305508,-0.8910087237322345
26,219.3863641410271,-26.825803607045568,-0.8895655734309919,-0.4111276185538314
27,219.46112094005173,-26.82966023804641,0.5177486140704967,-0.8622413234704958
28,219.4802300572329,-26.81119451525574,-0.9705950792434048,-1.867014138703953
29,219.4846408371179,-26.81407011072581,-0.5870141233185707,-0.7511188845809554
30,219.47091345458827,-26.771188980491143,-0.1762342305263038,-1.2060683793396771
31,219.4238001340951,-26.810149205180124,-0.9882345243186542,-0.8996901538615292
32,219.32894142040544,-26.762973772842383,-0.1445562339897352,-1.3101024571767277
33,219.4222299666126,-26.704167652714105,-0.677380502120283,-0.4631916962434778
34,219.3406618396613,-26.699784433888976,0.4002977781015809,-1.6031222339615303
35,219.73164880804225,-26.86845262180528,0.0729824810657109,-1.6850198525430495
36,219.6447301947628,-26.86030307971673,0.4436301616692021,-0.4239828820594213
37,219.65613288303743,-26.752374519368267,-0.9047638558325616,-1.3505701437505475
38,219.7232734511834,-26.631972759656648,0.4336550027421894,-1.534875488562697
39,219.72295831993048,-26.615865395818567,0.5648173197836546,-0.3018397899861111
40,220.0338418373628,-26.63887582932254,-0.7745757922325288,-0.9808836386675268
41,219.95274235581903,-26.645700094678936,-0.4738024450949005,-1.0521363262449943
42,219.9391906850434,-26.620624553704868,0.3137518224782874,-1.4651976197986365
43,219.9716466350873,-26.60226767928048,-0.3169473574140244,-1.2243251613403197
44,219.904153782414,-26.60944842203672,0.0169197026037901,-1.862988254688425
45,219.9457799822817,-26.591658626838907,-0.0908826876962403,-1.7681980018186656
46,219.9305401657521,-26.59467965296464,-0.4631969237405997,-1.0970637203873963
47,219.9404903681069,-26.58314109776072,0.1596512050908612,-1.3470414560480672
48,219.9616202913277,-26.558908001828986,0.4301395205577158,-1.6554202309424797
49,219.96676748452632,-26.56189583586245,-0.4641515803029317,-1.0913779218482405
50,219.9932082381165,-26.549479400396464,-0.0645367227178088,-1.0624037353705893
51,219.8277648021455,-26.63404626865273,-0.9429997065439536,-0.9058946721583606
52,219.8933939984624,-26.613273852012025,-0.4471926036431293,-0.7703605145425306
53,219.86681755283823,-26.6175895045886,-0.4552495835700763,-1.054853216538707
54,219.8803578824718,-26.59735900019356,-0.2584738596674459,-0.6579027736303669
55,219.87574532342109,-26.60011599715301,-0.4407454204968068,-0.7778817116707656
56,219.8225834062073,-26.60874121870572,-0.2729825229159683,-1.2778592128008888
57,219.8621432411559,-26.57354391437792,-0.3829958339789878,-0.9786515715274008
58,219.832434612052,-26.572463324078328,-0.6803804401283242,-1.1951319952665114
59,219.8551200696941,-26.570775211338404,-0.6291820902589293,-1.0624884091560451
60,219.8184897528211,-26.531751293559253,-0.526133295651091,-0.3162578663123737
61,219.90062911650023,-26.598545939727945,-0.6127799482174269,-0.7645450741678327
62,219.914338459885,-26.58413524012765,-0.3153558575333622,-1.026468159634112
63,219.8960636868988,-26.58346546624809,-0.673593875388361,-1.3600795000777344
64,219.8892097235004,-26.58318461750937,-0.5807342381940395,-0.2074339531898761
65,219.90011783237708,-26.580477839680874,-0.3213670715666261,-1.1702619422467615
66,219.9116401263178,-26.57196671031097,-0.0470321116690063,-1.448629451723176
67,219.92175398272204,-26.553914679765995,-0.940198212736028,-1.0655120306287185
68,219.8847911817717,-26.58422395481119,-0.5702374220071771,-0.6722067712204026
69,219.8884100176876,-26.577961447384062,-0.3263019408610692,-1.2149293850375549
70,219.88248514113656,-26.57375044484372,-0.6963944160495852,-1.041724039673056
71,219.87374273760244,-26.57533964847433,0.5748936981383882,-1.839089423008836
72,219.8873154289105,-26.570946066722595,-0.407342923938748,-0.85034873480797
73,219.88573183062653,-26.57035712169063,-0.7656442869836033,-0.5984263330013597
74,219.89085929011085,-26.559687483594864,-0.360529142261001,-0.8014600503922433
75,219.89506907869327,-26.56759938582997,-0.4294870901556058,-1.5439856498284743
76,219.88537928201265,-26.5660874942656,-0.5791560765621785,-1.0430045673863495
77,219.8646903295087,-26.571222397144044,-0.0601401583511881,-1.331025553052056
78,219.88526768043403,-26.552779897783683,-0.4597072889571805,-1.1080101844161117
79,219.8771744481205,-26.555360309035567,-0.4313929535274292,-1.1649654373096765
80,219.87143626356576,-26.557218630428128,-0.2282850436695906,-0.5721785762081892
81,219.8870597324712,-26.554077040840674,-0.3879906423172921,-1.0429980208130825
82,219.87997965757623,-26.55736102560181,-0.9085819402945384,-1.043568500030713
83,219.9055101660336,-26.560150499863948,-0.1302201008998682,-1.2767467717786276
84,219.9108152415958,-26.558912916641177,-0.4651385369224288,-1.4202644333605794
85,219.90774625045864,-26.554964556265745,-0.7781124709022791,-0.9697549344739976
86,219.9025822458568,-26.547768453978705,-0.393280238441195,-1.1146200658066143
87,219.9055289965737,-26.555598442646403,-0.9626285453589362,-0.8519145943891187
88,219.9045662948133,-26.56295551140808,-0.4116002407727787,-0.7438474499390306
89,219.90124458782947,-26.55996620952036,0.5425430707279582,-0.872874408293872
90,219.90558927883308,-26.55446256273838,-0.7218718071198463,-0.8247961604701632
91,219.89466816940427,-26.55737599977417,0.2393293827745559,-1.6512900597365654
92,219.89929798232947,-26.555510979619683,-0.2392165874885369,-1.546262987664147
93,219.8976309612535,-26.55416676258009,-0.3240514504139235,-1.446264016454888
94,219.9036931780027,-26.551368286456963,-0.566151895923631,-1.0973538239102605
95,219.90152593663663,-26.550249336055817,-0.0502689643859354,-0.8871270915087539
96,219.89714285622767,-26.55878685495608,-0.9770130810681706,-0.198922230121748
97,219.8970291158732,-26.55721929233392,-0.7163546378276673,-0.8508829682466108
98,219.89888577763568,-26.55443768857325,0.0741721973729324,-1.430108775461412
99,219.9021321379491,-26.564563235809693,-0.4670657885646231,-1.397541429023224
100,219.8956783352902,-26.557897274204787,-0.859939099343104,-0.970746551016598
101,219.9013822473604,-26.55291378571189,-0.3281915897856937,-1.4343342622134978
102,219.91123105118768,-26.538687683916123,-0.4225207845404539,-1.174365797686845
103,219.90514311694213,-26.54837090532948,0.0362996999924033,-1.883651316928974
104,219.91070456204065,-26.546402227986896,-0.4499404025831328,-1.0850657559817385
105,219.9120753628808,-26.54797807940056,-0.5487371409815205,-0.9976697450148944
106,219.91268714702025,-26.538537820658767,-0.1563561631915537,-1.0506729604397205
107,219.9135734615407,-26.53987638112468,-0.3700529321815803,-1.0040816944898383
108,219.90841073225525,-26.551838105839668,-0.2960070553832836,-0.8701116723359617
109,219.90874909291617,-26.548013030676127,-0.9720130961385398,-0.9595603415143736
110,219.90718717115092,-26.54778151354545,-0.6912182620273253,-1.2263851291652308
111,219.9117751013397,-26.545737498405607,-0.850586680504988,-0.9879297568311086
112,219.90996618046609,-26.54575122233737,-0.4855812395138468,-1.238063248193314
113,219.91685839704172,-26.54285526049889,-0.1719050859785345,-0.5053330070197094
114,219.9124352007637,-26.543994642856035,-0.3923879349765234,-1.2949822402843774
115,219.90886697608408,-26.543799120243,0.1208857903789409,-1.5217370561533543
116,219.911722864507,-26.54253135344088,-0.1099340324663874,-0.9214810955808194
117,219.91293765832023,-26.54203273868253,-0.7381984422617994,-0.7502046143506955
118,219.9158205625648,-26.540425810800365,-0.8726971407539988,-1.6055576335465604
119,219.91467337583936,-26.540681842074385,-0.0906499150916193,-0.8641372802948706
120,219.9108073823353,-26.53960110895755,-0.6555355770568488,-1.0089375372393148
121,219.9134804981782,-26.549568686336823,-0.4546291164499206,-1.056575124894268
122,219.90877415103444,-26.550869761132827,-0.5111405977472827,-1.207736113893971
123,219.91487456286384,-26.548979108661204,-0.7168012536685301,-1.0234163791799422
124,219.9113968241424,-26.5475937740779,-0.6541936295518442,-1.072740421589344
125,219.9161200908949,-26.54524108096381,-0.4499817202369719,-1.1004958632647233
126,219.90478780960447,-26.546089460202293,-0.5569599249365078,-1.1985856549117695
127,219.90978603609355,-26.542990343400103,-0.2579476692993467,-1.84363914360564
128,219.9124981905601,-26.55514885909051,-0.241300703248006,-1.1533284548064784
129,219.91706124102487,-26.54975682270172,-0.0720003058374045,-0.9798173633672648
130,219.90520352772288,-26.54946232492921,-0.2648988461190936,-0.971605601335886
131,219.91225642425164,-26.544763054292453,-0.1793175376005456,-1.4253810077973172
132,219.8935289826336,-26.541110307492765,-0.133042919928979,-1.2134908308998733
133,219.8952566558348,-26.54685005542567,-0.3841349132252619,-1.2552632863718998
134,219.89663506912024,-26.545866540231703,-0.6267627112542264,-0.9940660034454528
135,219.8934339427209,-26.55581150087628,0.0315969906968601,-0.7988978301847006
136,219.8917241925569,-26.55267098417077,-0.1813670270503007,-1.541435798774017
137,219.899168378734,-26.54975253978292,-0.4393608077354037,-1.2927891977487225
138,219.8912378919672,-26.55078836591896,-0.0051830305039564,-1.625930557404671
139,219.8979057518154,-26.547440397192304,-0.0280979168277684,-0.4788426661633901
140,219.89861872527047,-26.544575438290664,-0.0838089896173668,-1.24604337044034
141,219.8941547223636,-26.54576884581921,-0.3852073256349443,-1.2846951800676862
142,219.89250678254348,-26.54614769088681,-0.6547234738429545,-0.9040646434347394
143,219.89385592504132,-26.544970416792893,-0.3935781924102253,-1.1448955409029833
144,219.8919410645196,-26.54531388485221,-0.1345380805113493,-1.4114672648784194
145,219.88997270915897,-26.545584300913927,-0.309826684251108,-1.2245208758202313
146,219.8917002541344,-26.540880016136693,0.1699975413317423,-0.4010219935431951
147,219.89064172105165,-26.542305520852626,-0.2575615212114376,-1.886595969892624
148,219.89205991502328,-26.55031977332111,0.6251403610716781,-1.0575057307693596
149,219.8837357154709,-26.54750331629464,-0.5604655878195651,-1.6775624688285196
150,219.89043920812333,-26.55336132650346,-0.0575117155062144,-1.420905335432601
151,219.89026137868188,-26.550614681680795,-0.4203238422085903,-1.067611509253239
152,219.88844052485496,-26.54859280499144,-0.4823540256081571,-1.1701938914130878
153,219.8925552097423,-26.542831001205645,-0.2356803850568039,-1.1878283497227864
154,219.8953153021021,-26.54120911494028,-0.5179243426203083,-1.0267981945253877
155,219.89261198928023,-26.54183089750124,-0.5573480254005818,-1.0527146208373988
156,219.88772388803528,-26.54225178616868,-0.747987205748217,-1.0491425265526455
157,219.8995505252426,-26.54711091484214,-0.2838492649464522,-0.564911602932485
158,219.8915459529638,-26.539509307176257,-0.3430254220631837,-0.9663908841244307
159,219.89229272963263,-26.53644464382647,-0.5147243793269091,-1.0429441957388357
160,219.9094206677772,-26.53361876215134,-0.3468083044123642,-1.2882228366469306
161,219.89672619274228,-26.542235118818827,-0.27265181789197,-1.1889558226067227
162,219.8982871526384,-26.54286472894625,-0.3525615877731433,-1.1685455369422608
163,219.8996716556996,-26.533159363885936,-0.3421187243608143,-1.3819237858793674
164,219.90301545081064,-26.533363497476003,-0.4150717703622186,-1.1002109461211358
165,219.904970886928,-26.543551552436107,-0.5028369450288712,-0.8509315240503046
166,219.90581116181627,-26.53166419570863,-0.5633737989741641,-0.9193410226811064
167,219.90074345116705,-26.54022224609231,-0.4868825243537594,-0.7879142321205753
168,219.90548172830253,-26.537730383567663,-0.2107201425252891,-1.2392300816394983
169,219.90754308108305,-26.540800631560035,-0.4259977165491356,-1.1205223654691572
170,219.8960011234221,-26.53738049042221,-0.2298673163822168,-0.926922257681342
171,219.90042938492792,-26.541857375243847,-0.3986417791891462,-1.0183837126007784
172,219.9115499172764,-26.53703046736653,-0.5787724220233128,-1.7480557332642517
173,219.9084795197589,-26.536282775885752,-0.1486257787304979,-0.7083723258082192
174,219.91154685370705,-26.53549837113957,-0.5798185223370497,-1.26479414324327
175,219.89414201136896,-26.537393438127825,-0.6546506090982798,-1.0268399796479717
176,219.8946563527859,-26.535481939010737,-0.4812280422225258,-1.310276106126028
177,219.8970056641044,-26.533459102331065,-0.3423415726052013,-1.1557032872515682
178,219.89713015273057,-26.53258435398614,-0.5425545790232539,-1.1294439086083048
179,219.9063658833111,-26.53725775518318,-0.5973834805054183,-0.6413279591152646
180,219.8975848460466,-26.537785536843007,-0.2840411155309102,-1.2678682290404923
181,219.89947652718664,-26.53601036567792,-0.8754252734629772,-1.0994286330935912
182,219.90457764161653,-26.537965026973417,-0.412363800988597,-0.7626593663314312
183,219.90357947960376,-26.5343839638626,-0.4277464394392237,-1.1964048093102175
184,219.90561624046003,-26.536618657706203,-0.7307434669350156,-1.1396319334074798
185,219.8985888058157,-26.538147504653907,-0.2523243232904301,-1.061928368571717
186,219.90157357421492,-26.5352753135416,-0.3303541237739537,-1.1959681920008265
187,219.8984403079378,-26.536858618781054,-0.5828940213959602,-1.1801450451577156
188,219.8974280864257,-26.53458078165535,-0.559733766415322,-0.991892300681916
189,219.90748726285543,-26.53988444179912,-0.5811681336505838,-1.141752015745795
190,219.9056471870237,-26.539102638004884,-0.7736197674081849,-0.909079656333823
191,219.9044173105562,-26.54057463586356,-0.7388529060642647,-0.9992378575175256
192,219.9041770684267,-26.54262967288204,-0.4922999467801472,-1.1422930830223483
193,219.9003338630744,-26.541121630422698,-0.425266612872355,-1.2740321046268224
194,219.9022794279261,-26.54535244203152,-0.445426038796164,-1.2231238125171997
195,219.9079189347211,-26.54141432531152,-0.3528562487899618,-1.140046496744661
196,219.91106847174004,-26.537957979448887,-0.4663378708318919,-0.9326679999162916
197,219.90752222558712,-26.53698515298523,-0.5472342903155141,-1.1405201055400649
198,219.8924801416006,-26.53813337609046,-0.3818057876046963,-1.100157149612824
199,219.89673343833184,-26.53529551323536,-0.7073921636582132,-1.137167384795217
200,219.9045512624504,-26.53184564625923,-0.4388736229376248,-1.0926722219861893
201,219.90180456307388,-26.531163445573508,-0.5905923090663558,-1.1782629963845308
202,219.9056630545225,-26.530099367634943,-0.4759546639742274,-1.1437169302934256
203,219.8994797135434,-26.530424705879494,-0.5140243816578813,-1.1440716708683665
204,219.8958663475371,-26.53589418714652,-0.6395442709819928,-0.9142934600795528
205,219.95994908976343,-26.52816965057881,-0.7200678403256145,-1.1560486832603438
206,219.94310893151712,-26.560535104165403,-0.5510188243821882,-0.911419955919048
207,219.9456733305518,-26.5545418855817,-0.2830434172355665,-1.0485956651311972
208,219.9411265385406,-26.55354895052444,-0.4273269124655574,-1.372251847443267
209,219.94073701983143,-26.55819701633028,-0.6445992105708991,-0.9501302825937528
210,219.9456285001933,-26.558805397813348,-0.3192647532497924,-1.2830820255069586
211,219.9426534180358,-26.545622176053403,-0.66068500476475,-1.5040387473394567
212,219.94377138636423,-26.547192400681183,-0.781591930807018,-0.820824397461428
213,219.93923239446727,-26.544367489889165,-0.7282041891690467,-0.8673846481726637
214,219.9321851346104,-26.544889101984754,0.3590278998811121,-1.2143234575949708
215,219.9413923688636,-26.549214748118263,-0.7942585629940916,-1.0845849822170743
216,219.92771053809025,-26.547333518916847,-0.8793433439679352,-1.4009609406997756
217,219.9490525253332,-26.53895115401639,-0.6473771655360487,-1.8265446819103683
218,219.94725317268845,-26.531179197032785,-0.4827539777508386,-1.0413710142027697
219,219.96284721070325,-26.538569823799325,-0.6456463342009332,-1.1725150548441228
220,219.96489616883488,-26.537332414336603,-0.2650821755022143,-0.7217413352454584
221,219.9605844676542,-26.536149951990424,-0.495831344909391,-0.9300642024277924
222,219.9550148311381,-26.52875296283116,-0.570489013795747,-1.1183588992836462
223,219.92791018073743,-26.539364661712305,-0.2465377215002868,-1.2489787699751216
224,219.92396784046267,-26.54141632273447,-0.633265228582094,-0.8948744738847734
225,219.92288108780247,-26.53548975852016,-0.0756780491717287,-1.278782753339901
226,219.9171778303544,-26.53762574480952,0.2953978619757061,-0.9252826235330792
227,219.9210356430721,-26.54334938988542,0.0781756127414299,-1.4689169330592944
228,219.9204430229138,-26.542306656604502,-0.5407859368293878,-0.589538500566869
229,219.9239805334687,-26.54565450262295,-0.5058643314945241,-1.0109538479725018
230,219.9157905237587,-26.53708064346388,-0.3880935412715358,-0.8944375184960911
231,219.921221304945,-26.531086859909365,-0.9532327561875312,-1.6473970294611613
232,219.9206044490948,-26.53553495664641,-0.3966833307442327,-0.816762818891032
233,219.93589789185373,-26.53046408504086,-0.6609029165910784,-1.3994458489832904
234,219.93511042274443,-26.5181069692566,-0.1316795164841203,-1.2098204566386856
235,219.93432919661527,-26.536063904049342,-0.6341282038959644,-0.9442362031171868
236,219.93804547983373,-26.51951373143528,0.2833682497284729,-1.2214255632227982
237,219.9309570683073,-26.52703514250834,0.2300244096256347,-1.1255650437559948
238,219.9399732193752,-26.52286856381462,-0.1628235984616954,-1.158938462287788
239,219.93635699363324,-26.52011498345824,0.5723332783215814,-1.181805436788386
240,219.91622499193383,-26.52806461097316,-0.5389634194509804,-1.1820757400773327
241,219.9143286826748,-26.520764808266183,-0.4965184988378,-1.2151064692111366
242,219.91076738128032,-26.53445805922524,-0.3433061302421148,-1.131598611527981
243,219.905349823636,-26.52539874541128,-0.6318237971964896,-1.2420175813384664
244,219.91385799769708,-26.53439435589319,-0.6570760875586783,-1.586094197869654
245,219.9134092155655,-26.533413135104333,-0.7922947009038734,-1.2806717177562692
246,219.91940245861915,-26.53130356698659,-0.6056030869555431,-1.017440239914008
247,219.9170501208073,-26.531101635937343,-0.8520577730724128,-0.8979767074562155
248,219.9136481067664,-26.531938579158822,-0.1872471689939003,-0.6934027751143895
249,219.91441932046945,-26.53054396009755,-0.176338501081394,-1.3190476366578383
250,219.9111116620455,-26.5308109745056,-0.7384041395154836,-1.2448954835769557
251,219.9095115946933,-26.52850033055811,0.1640074385410729,-1.656431198662888
252,219.91391754259791,-26.52705184123688,-0.5603766650668002,-1.5915562223425366
253,219.90844330774647,-26.52720616480949,-0.6760024950270258,-0.5734984457083842
254,219.9053057382924,-26.527097618466176,-0.2089799639182951,-1.4738450803824668
255,219.904309763451,-26.5271218974886,-0.2203238327445686,-0.8847725129688215
256,219.9137242537584,-26.52024848861925,-0.7150868593616976,-1.0097794011570584
257,219.9116266514257,-26.53016706956121,-0.7169805880342672,-1.1091622450379075
258,219.9065267000488,-26.529814072923344,-0.7288261371106431,-1.0352235933563696
259,219.90759395146367,-26.528055570069377,-0.5867257491888201,-1.1017207540754683
260,219.9121903801448,-26.53313934220908,-0.2660202522195464,-1.1451634463324334
261,219.9147743867366,-26.531833195428824,0.2521821126127546,-0.7184404669054317
262,219.9153465611682,-26.529093724149103,-0.5073224866926105,-1.2251404209966188
263,219.9114105199248,-26.525386460936705,-0.5726951264367053,-0.8260690653130798
264,219.9098355261531,-26.521234373264225,-0.0575219301873247,-1.1654413804079
265,219.9107736657068,-26.520656829929703,-0.4833863912630242,-1.3957839134839152
266,219.92369087422125,-26.52494557042934,-0.4669534063700351,-1.212634447076403
267,219.91880631210665,-26.51847371402004,-0.3505001828916786,-0.8732207358501148
268,219.9177226063186,-26.51921943041813,0.4814712631472798,-1.0271389417436283
269,219.86502387129943,-26.558923868160697,-0.3722232126540237,-0.946811599356632
270,219.8565861976111,-26.556300310398925,-0.3341775488077732,-1.0436122632227194
271,219.8607357946315,-26.53673717789983,0.142487847629521,-0.4531549322640166
272,219.85474636892812,-26.543710561647547,0.3913404096512984,-1.7580697990123149
273,219.8788599655564,-26.543545372633755,0.2621776242462091,-1.7583962975649663
274,219.88793561967972,-26.53713537857268,-0.595543292838905,-1.059593539039431
275,219.88082130242125,-26.54216685581094,-0.8152526167738727,-0.977359796679356
276,219.88417783363423,-26.542625852222127,-0.5483414125327234,-0.863869601979143
277,219.8858651957485,-26.53952023250485,-0.8664997320266995,-1.1768529308472646
278,219.8886221693585,-26.537031602171435,-0.627575320170289,-0.1974434072022903
279,219.88266371065112,-26.531044932610435,0.1307305225560884,-1.00442307586254
280,219.88179817484595,-26.53050082020764,0.3331884581565291,-0.7715925022541124
281,219.88522131999045,-26.532525710923323,0.2998353043762004,-1.158553427592117
282,219.88334194716043,-26.544269174646885,-0.4917994214059918,-1.1160209731105488
283,219.89392402521167,-26.53011001038612,-0.2867664771501246,-1.512420522826376
284,219.88611130522983,-26.536420857795832,-0.1546383810260929,-1.0676448643088636
285,219.88182439475472,-26.54358916346066,-0.4952325970801436,-0.8744446383966059
286,219.8965295991254,-26.53060460894768,-0.3876353087399967,-1.2913693808626263
287,219.89823696718523,-26.526014443605327,-0.1440169737125946,-0.8046295820319082
288,219.8963374139488,-26.526890424437013,-0.3959132654770959,-1.2816739651218243
289,219.8955077315713,-26.526040491906805,-0.645857876888313,-1.1695354066393828
290,219.89757648677733,-26.52396014745005,0.2225594344641695,-1.6351863275395102
291,219.8921817893756,-26.535228054881497,-0.689095610563374,-1.4450406428557536
292,219.89091732873257,-26.53367771553624,-0.4013859036045648,-1.1096345327673456
293,219.90008546783136,-26.527526497719908,-0.1327456028661979,-0.8274614604632728
294,219.8870359842506,-26.53002835634797,-0.6767098350248001,-1.4154685932983146
295,219.88473379910147,-26.530606243073983,-0.9978491066044688,-0.5774176460558448
296,219.8996321548946,-26.52514897816505,-0.8052705648138337,-1.4346652795401662
297,219.8864405003015,-26.52776748613175,-0.8687345918111256,-1.4705291042552522
298,219.8959737950832,-26.52333503612751,-0.927693622244548,-0.7346861771581101
299,219.8837197281337,-26.52976744467055,-0.4822281416263074,-1.109530654766119
300,219.8896652626484,-26.526456328253698,-0.3364402750109583,-1.2246905067442946
301,219.89478429039343,-26.53081647836155,-0.764549077169467,-1.4790329291025162
302,219.88776006283703,-26.53114825894181,-0.3921626986703209,-0.4855832983086391
303,219.89864415284256,-26.526526654253203,-0.6252632490097862,-1.8352898417071577
304,219.8852928444087,-26.52791303914824,-0.5450956598000696,-1.116835662041507
305,219.8956207774656,-26.52455306508394,-0.4533338617182817,-1.2752924183758552
306,219.89051172912,-26.52109681521431,-0.3763218833642954,-1.4423873017451347
307,219.8626329609436,-26.530027438344824,-0.563845484220395,-1.184696351173488
308,219.87182034771345,-26.534608016854488,0.2498137266622349,-0.5899073486222938
309,219.86478539785827,-26.532459611424382,-0.5122331924482322,-1.1176463739330529
310,219.86842169901732,-26.53138724193336,-0.542263444514122,-1.0132476225776887
311,219.87843531211,-26.52456176359672,-0.6343258616474595,-0.5660859969381126
312,219.8799332340165,-26.520420329347058,-0.5767704257619147,-0.7598284332140084
313,219.87350097930607,-26.517928076583257,0.0179043028757652,-1.4599272738998978
314,219.88958466398304,-26.514524283086743,-0.4634879767173858,-1.1094439513066654
315,219.8846680203429,-26.511577878994224,-0.6614645231314954,-0.3353906663715049
316,219.8812408796404,-26.51122638882369,-0.338835128028882,-1.1805516348070548
317,219.837467833736,-26.535578869159185,-0.3951601362786716,-0.6788002305680476
318,219.84984503526272,-26.53059576123435,-0.4225696700041483,-0.8487842617084755
319,219.8429238369233,-26.52617415649184,-0.6811435537976306,-0.8134378487366918
320,219.829413939098,-26.52586421694658,-0.6593535940245406,-1.18156630903102
321,219.86607416444184,-26.51500325430049,-0.3730174857743504,-1.746297414544118
322,219.8503328940438,-26.51737133024057,-0.3698328340906761,-0.8903557296105649
323,219.86310078079725,-26.5153018332406,-0.5019800995174257,-0.9954040246943446
324,219.89953458003168,-26.517230423511617,-0.0879693892084638,-1.3309734920215075
325,219.90170193596447,-26.52487296387485,-0.6029638312431477,-0.9781121087283484
326,219.90511782187943,-26.5121660802637,-0.6902292401331501,-1.2657851686789334
327,219.9144153723832,-26.49950317690326,-0.7354917147383302,-0.7944608278889598
328,219.9145402356016,-26.51403372325584,-0.2762573698686975,-1.1683227149797553
329,219.91897765915263,-26.51075403660068,0.4144727405687861,-1.3952879595051648
330,219.8971812504231,-26.50458812606616,-0.3567065982222912,-1.048253564277622
331,219.8950019745037,-26.5122632833828,-0.8845580638404454,-1.2454202647264416
332,219.88691908568927,-26.509201723032383,-0.0970497027902549,-1.5225070042207702
333,219.9294846129393,-26.48677599289351,-0.892827486042582,-1.274278184922771
334,219.93329864266568,-26.49169417923977,0.0799480368684947,-0.9247224897864094
335,219.92423072900465,-26.47742529873069,-0.4890067845456849,-0.7094078567683653
336,219.88136907689824,-26.500638437939543,-0.985047817413689,-0.8438321225051502
337,219.8832429689521,-26.4922065476082,-0.2797842357392434,-1.180966072309103
338,219.86442768960853,-26.486929468216857,-0.330736884007674,-1.51786228057159
339,219.87534718085044,-26.471783455419818,-0.7620134993124137,-0.9541643036813054
340,219.5629415873593,-26.626506068624103,-0.7871368109434198,-1.206631473508173
341,219.64073479942965,-26.62171557921163,0.545949056899018,-1.5036702785425262
342,219.58930241058093,-26.65178803087633,-0.9168051440328734,-1.651901101685778
343,219.5694540903142,-26.571788834568828,0.0367588480776641,-0.7640813433297001
344,219.7390756826508,-26.52986052106812,-0.9033652723420912,-1.4474330576200791
345,219.8016354387913,-26.533798482519444,-0.4598409985552745,-1.7647157699244571
346,219.75645247626184,-26.53424105154373,-0.4653541556317606,-1.1275489989406735
347,219.83152084388905,-26.493680652105866,0.673132572636009,-1.4445561135026828
348,219.8038449401783,-26.4747728270444,-0.3047564725997443,-0.9290021847955022
349,219.8660028491797,-26.418940829814066,0.0444376832786089,-0.8358665981594116
350,219.7885475849058,-26.443521479758218,-0.6565108711881109,-0.9684529659002116
351,219.6284327375392,-26.47773106697348,0.6670352635558012,-0.5796977387569258
352,219.6622888996013,-26.456036768940265,0.2805381047156327,-1.2290722345336358
353,219.5862094968316,-26.466929440446847,0.5432157033818733,-0.2560869280475372
354,219.7584088095513,-26.36258901567535,-0.5284794737495602,-1.285392944231765
355,219.0515899693336,-26.820865130532933,-0.8538707889077627,-1.3804482807703582
356,219.0117919580001,-26.823958890712365,-0.184389433787159,-1.462746307483686
357,219.1248113010915,-26.7567854168032,-0.8581738261413795,-1.0798342643672207
358,219.0281137140513,-26.690981472710707,-0.6628461698376454,-0.8036755115815974
359,219.0062219883524,-26.66438264132897,-0.5195380271645716,-1.180849427367462
360,219.19284397160715,-26.663292515214376,0.3996592309305278,-1.0132257072010782
361,219.27675263753505,-26.614531212521115,-0.8036611255051884,-1.011369266064527
362,219.29444772724403,-26.56908560573187,-0.1365715634201794,-0.4744464294372844
363,219.12684239874423,-26.643040053031488,-0.300660583423665,-1.247775957659039
364,219.10320824573685,-26.649617973101773,0.4665593109901768,-1.5277482439396302
365,219.0912027194083,-26.64347633436072,0.2721339676065795,-0.8396180534347093
366,219.12591309514252,-26.630534197224826,0.0813399331596184,-0.2993460941484985
367,219.26041937553984,-26.52582329403072,0.5615018942185716,-1.659628268623504
368,219.20917377922564,-26.530104004392467,-0.6691754390571768,-0.4473073806582106
369,219.23860098084492,-26.488693984933764,-0.3220204166676247,-0.2481587014041908
370,218.97023030887172,-26.63385762682882,-0.1774832759350932,-0.9613730107668396
371,219.04875111320584,-26.525803065392328,-0.0915930811386686,-1.806661417642979
372,218.92974692026868,-26.383992556518937,0.5199728043738299,-0.2444660465487916
373,219.39073683833627,-26.58573567784532,0.5866285569679588,-0.9945329480895312
374,219.38517140363987,-26.537901333591297,0.4859578152480305,-1.1674928295194864
375,219.49075226109508,-26.473314087843008,0.1317499603165545,-0.814426561191876
376,219.45303141254053,-26.488766905490216,-0.0900766451615532,-0.8590679734032124
377,219.2978834311623,-26.48078384857952,-0.7610241633359833,-1.2760379207245292
378,219.3094056083268,-26.3453846755293,-0.2609120082922944,-1.687550398002318
379,219.52928717578067,-26.30753205299313,-0.4566332091567953,-0.7158426272213212
380,219.61883279089372,-26.323914260201374,0.2487587089788948,-0.5857365129930786
381,219.6296860247253,-26.292015006908045,-0.259319663661144,-0.9835288490816192
382,219.5707138698209,-26.26142661205256,0.3763011942252836,-1.04878172302715
383,219.60848063728247,-26.186599248473755,-0.8801306079397186,-0.3176090346621403
384,219.5017073384905,-26.20790376859469,0.3410677704823303,-1.5613843227670778
385,219.22438538295373,-26.402764776301947,-0.3806540341428855,-1.0800516002466274
386,219.17394245822229,-26.385717832765835,0.6205976332017622,-0.980334313592243
387,219.1481386699048,-26.32577433296736,-0.4608446815802801,-1.6230770984380425
388,219.2805888515525,-26.32370924636942,0.1706440660455397,-1.4858039396289322
389,219.3407895373653,-26.272560733465948,0.47811700493573,-0.2650245934822675
390,219.0643319451449,-26.31113667884081,-0.8863089361696108,-1.4427186305893722
391,219.22102174005136,-26.245152499754845,0.3989355885804596,-0.6463522521159129
392,219.2510410125827,-26.22555466662672,-0.9053390429330708,-1.2999010468140793
393,219.2243404749725,-26.18817134172617,-0.0620732489033003,-1.0006943658143008
394,219.5236832912422,-26.102358229248576,0.2290468720639955,-0.8548921653608423
395,219.3978330928535,-26.12809764775303,-0.3900811623540592,-0.0990601596139654
396,219.3770247705512,-26.059945140031253,0.4677530294719821,-1.791931798041151
397,219.3935869070677,-26.03952250013892,0.350053300980586,-1.731716193557988
398,219.23307579033423,-26.130591694195243,0.5810159790721261,-1.4940397079271706
399,220.0659533868493,-26.52732301706368,-0.6978805325995407,-1.1202364470378157
400,219.9893994640069,-26.51045815721846,-0.8636770917890151,-1.2622187830792997
401,220.03374238325372,-26.47743182308164,-0.5914033640942494,-1.798061603250805
402,219.9068508572225,-26.44393508916928,0.6016973637024237,-0.2023378727845961
403,220.0247935589286,-26.377450867028696,-0.3590514363490746,-1.5903825270086265
404,220.3163050428902,-26.357777050467583,-0.4566971727769082,-1.6973086759876763
405,220.2278700789924,-26.35108577221657,-0.904193537140348,-1.2543685862507523
406,220.2827517622233,-26.31083375201296,-0.4873162898431967,-1.3581600133335776
407,220.36495070199376,-26.328373226251937,-0.6299111503341193,-0.4317633099163606
408,220.3600851922687,-26.25987056988976,0.4668150988164062,-0.1884338853495887
409,220.34527506674507,-26.21071119708264,0.6479794257383193,-0.3530625684765932
410,220.1583931578665,-26.330936733965032,-0.1137247210528033,-1.3452061124882344
411,220.1699279131892,-26.22116954370298,0.3190122732654465,-0.925540428316017
412,220.1944892878149,-26.20936098547745,-0.2931923484657617,-0.6443365337223528
413,220.23142280177555,-26.21311614740669,0.1220513519986226,-1.4611701188914366
414,220.29282224685656,-26.147740000286905,-0.7331820093103645,-1.790385399751664
415,219.9040016597136,-26.43805449245482,-0.4478087309484672,-1.1702117420877909
416,219.8336855432995,-26.374829676768343,-0.1020758075081358,-0.5223430985706605
417,219.8696193263229,-26.33886409923149,-0.5488309623590241,-1.4900246963546684
418,220.00384755677027,-26.34566619576208,-0.8681510384036868,-0.537833470751057
419,219.93549652716464,-26.22584142963856,-0.0184265209939215,-1.897719807252715
420,220.1373225590014,-26.20235936221292,-0.3409532966333226,-1.1405241148616927
421,220.03500884825928,-26.195142285031743,0.3928841813793003,-0.6392924809526196
422,220.06775149061696,-26.20297915906701,0.3297966062297529,-1.3588372728018436
423,220.10798260235347,-26.14953359700997,0.4856879639435646,-0.5006122178861309
424,220.08571491177125,-26.12871363774557,-0.470842507758843,-0.174108987536774
425,220.03551162109724,-25.989657821718392,-0.9495499103619572,-1.3933651620394654
426,220.11043105792464,-25.97762101443631,0.000899118157182,-1.350808345772371
427,220.41116149199345,-26.21169040621725,-0.2822791737750137,-1.7034532835423135
428,220.43268128475265,-26.128340064748112,-0.2149599534038458,-1.3250308713533836
429,220.44963279511964,-26.07752142919648,-0.5232701486881977,-1.8877646589212664
430,220.36652564671664,-26.031900571228128,0.1441042543359809,-0.4549938957745461
431,220.3676869498292,-26.02291313751908,-0.4048433676975593,-1.887331051028844
432,220.6609910848276,-25.931414665529463,0.6473763929658521,-0.5202019466441161
433,220.55213330831344,-25.87489960462483,-0.0446182640040655,-1.5552273981013416
434,220.5428028581493,-25.870608098477323,0.5132020872789588,-1.1879802878248196
435,220.29832337291708,-26.04839697523863,-0.1302553464767001,-1.551673812668054
436,220.21495990751907,-25.99032901282562,-0.7397645931588319,-0.5094292083911599
437,220.23805716365345,-25.90016954757395,0.0886913063248199,-0.4402634859341269
438,220.3909656901612,-25.89326974882906,0.424255456092898,-1.1358774263788745
439,220.38506864514864,-25.854722782203226,-0.2264780111461788,-0.96494971879056
440,220.38056653680871,-25.82577158657501,0.5008693074676722,-1.4332109969962332
441,220.3384070384168,-25.788219890918768,0.3506714114601701,-0.8872200867197322
442,219.8308521782577,-26.10499922917205,-0.8477035205554457,-1.3247560414726782
443,219.85909772199332,-26.10310159036933,0.184261833112176,-0.9462795562576488
444,219.7537584964224,-26.001630922037943,0.5688807968543457,-0.9842587132820269
445,219.7444489232969,-25.96559481156244,-0.2696780542596427,-1.6645156993198271
446,219.91486967458985,-26.09148159436545,-0.4672332697411103,-0.99299617536976
447,219.93676048192577,-26.01379242604414,-0.8408728575781216,-1.365301114773303
448,220.03503781088435,-25.97268478485514,-0.3911135553006701,-1.7318126837395338
449,219.8179436061245,-25.980168104685617,-0.793000536550643,-0.7400786591708568
450,219.79520758871865,-25.940904515712084,-0.9273472005815824,-1.8128688998406952
451,219.7638098734193,-25.945146402508627,-0.6524410699237033,-1.4737739971967234
452,219.92894856106545,-25.883919505955944,-0.7853607713388995,-0.7843586468445728
453,219.57233662154653,-26.03816930234328,-0.9753259948244812,-1.7228247728003374
454,219.55456108892008,-25.968181092380835,0.2753105897779353,-0.2956008174633505
455,219.55291446650693,-25.95920676627384,0.4922859691473311,-1.1647113012678378
456,219.4694079334621,-26.012112904213296,-0.5542408553949802,-0.5260253095333369
457,219.3941408791676,-25.95374377020808,0.0181442471854837,-1.7055502334478707
458,219.64795807145728,-25.82403242245052,-0.5810689666806864,-0.916978210778696
459,220.1481036317968,-25.85171482908683,0.5738580549756446,-0.280510343044215
460,220.15482243553905,-25.833317259010467,-0.2520414719428382,-1.407114294057283
461,220.144181212691,-25.7275473690279,-0.5843087954102782,-0.2758968603391467
462,220.1795320454472,-25.72011529821924,0.497007806852938,-0.6743969435847843
463,220.01050597021265,-25.840790302067827,-0.9150860865538408,-0.3794448304017513
464,220.02291448644783,-25.83069720388777,-0.0070562615389473,-0.2822429516271956
465,219.9721822698845,-25.82350075155319,0.655751239533919,-1.233512266478823
466,220.09861651630155,-25.72870784627169,-0.3948296442979818,-1.887736915031453
467,220.09299369420987,-25.72066313349031,-0.5196773189311208,-0.9249448785083912
468,220.07192198998703,-25.6475779453212,0.3627302176067595,-0.9562537592272956
469,219.9533327624985,-25.675920394810205,0.2525073112603164,-1.7340949096248337
470,219.9253158627527,-25.66443656992191,0.1386494472991676,-0.876040428060629
471,219.9524399056112,-25.636931238224555,0.465774534114853,-1.1953418531949782
472,219.8283915657616,-25.6258873419358,0.5871220132675697,-1.7108846285057249
473,218.9429207925643,-26.260653307413342,-0.1608457333015611,-0.9032768225072016
474,219.0170611410672,-26.259618137309023,-0.0259814741753573,-1.40224804828862
475,219.1005351427412,-26.12484474696822,-0.4145776209593821,-1.8306356760611964
476,219.158703331392,-26.094034156140346,-0.3504522143842346,-1.1692177340281424
477,219.087585982422,-26.06723848818502,0.59953399678876,-1.2055643206732838
478,220.05057819875088,-27.42360916434232,0.0901828347192363,-1.5256937373430353
479,220.07332328125293,-27.353308289169554,0.4425620920208511,-1.5541691838572538
480,220.0725018352943,-27.289733365226656,0.3680053761311925,-0.1139282677509091
481,219.1357868265851,-26.026994834956124,0.4828411625863257,-0.5049792288284576
482,219.2646568998218,-25.992853512836707,-0.2290904691243785,-0.4514310569458483
483,219.24909391383852,-25.951162897073605,-0.7235640354047291,-1.787390658288454
484,219.21852203129257,-25.91572169518043,-0.050980546253346,-0.4223957054081067
485,220.2280081180401,-27.404572823359217,-0.2497631220178466,-0.2067795311248855
486,220.32630038316907,-27.249852714171727,-0.1236356980617134,-1.442351588955327
487,220.16560332373265,-27.341614338761108,0.2082115411378089,-1.8013220381948587
488,220.28277320501223,-27.217298222733724,-0.9086974551860098,-1.8427898876298625
489,220.56865247486056,-27.10852478507568,-0.7363461442966138,-1.7307629547497427
490,220.46556358372064,-27.13804769928997,0.6209915944019655,-1.2589948154197186
491,220.50044248584032,-27.104913544604216,0.4060354410919711,-1.2136257256253686
492,220.48145225901789,-27.069653575891305,-0.2377928176372275,-0.6902363156209186
493,220.45408080824592,-27.078830613688016,0.4359134282621851,-1.6892600033171037
494,220.4549543662386,-27.078712271193847,-0.272917494680703,-0.932954743202928
495,220.48476908385484,-27.01988431200992,-0.7774891243065686,-1.782412937732197
496,219.7038211927105,-27.40405706328335,0.263841025440216,-0.483149975190493
497,219.83800214389532,-27.35824496181188,-0.8891520227799423,-1.3556114101543375
498,219.8500698069856,-27.34758471016019,0.2664087147706003,-0.8708424521577491
499,219.852074145628,-27.244213032392032,-0.8238475327479223,-1.4739271355738934
500,219.9176693491902,-27.24196061877877,0.5692286532466393,-0.6153755113855189
501,219.92474766332148,-27.149176598460656,-0.6284903178923611,-1.6187182430916676
502,219.6370670338576,-27.34399485612684,-0.3532798147846717,-0.2782184114325471
503,219.5686311031266,-27.265024141512217,-0.6267773118155072,-1.6463332832321382
504,219.4492971412274,-27.33866109926361,0.3039545909632969,-0.8691740547062045
505,219.50934978106545,-27.24316465586926,-0.5580327491038276,-0.9446870132513124
506,219.5195492162654,-27.197326620516964,-0.7512219198640664,-1.1847141467186644
507,219.7288647547356,-27.20243774210688,-0.4517537999006038,-0.327902171468907
508,219.74185220590795,-27.156101442587453,-0.1816619974250278,-0.7488670684939847
509,219.84230086874024,-27.137292295455893,-0.3920458512327432,-0.6051682895776109
510,219.74087016034963,-27.050874415052576,-0.1768794747393237,-0.2489469444587815
511,220.09891981732133,-27.22852239562051,0.5321355270713454,-0.5525071835385633
512,220.02972661739923,-27.18931157220203,0.671542585941953,-0.8798955442221317
513,220.0275197440548,-27.17661767211272,-0.1523961686244427,-0.4924875614669375
514,220.17334149381887,-27.18461319952809,-0.9451664849637096,-0.1279126900650549
515,220.20131750449187,-27.08358183444459,-0.7166898347604523,-0.218416339922505
516,219.9767143953128,-27.134466478950664,-0.873587273167342,-0.7260259217230126
517,220.01635368195056,-27.135555634977493,-0.7768828237751573,-1.479247071573785
518,219.93484862788893,-27.138356454926225,-0.6946379721125361,-1.0326664332581044
519,220.29820696982225,-27.008879433270064,0.3299217776014023,-0.8650943553308686
520,220.3743077917448,-26.98622447328827,0.2975464800448458,-1.019998972968799
521,220.3838397582997,-26.916354204384465,-0.3149435366887738,-0.6133153595423807
522,220.3029218913304,-26.918572406107465,-0.1790160910014884,-0.9334388485409432
523,220.1569548486722,-26.884646310899416,0.091876712505986,-1.7133117072179105
524,220.27111498715985,-26.87621585567148,0.2115392949230305,-0.4714449299445582
525,219.3952375202581,-25.844843886375426,-0.1830153317862261,-0.888141584541543
526,219.4188742347036,-25.82817740554556,-0.7306698239915035,-1.7298772735166996
527,219.88715099819785,-27.07180456044673,-0.3472032490789463,-1.8634677757251632
528,219.4640601026923,-25.72258380351634,-0.6917056155258463,-0.7447079813526827
529,219.2682670833164,-25.82201614908842,-0.5466923778449768,-1.3721262621898365
530,219.3239215125297,-25.791583193908,-0.8750481955899031,-0.9369365153079858
531,219.89036311192305,-26.981634066812266,-0.7700899278605562,-1.820317599791386
532,219.9729979121041,-26.94902074611677,-0.4438275588935976,-0.1017740847343102
533,219.94553905209835,-26.910691084111136,0.3835894632290184,-1.3382471382526069
534,219.9899230202924,-26.900518562162183,-0.962569366463579,-0.2657994524883799
535,219.8257685761371,-26.88026039980637,-0.7374556196867156,-1.5571733967237935
536,219.9335564913732,-26.909543554726177,-0.9416122353550004,-1.2443118779621265
537,219.63426066095403,-25.68227202408304,0.447900409956997,-0.4438690175950618
538,219.6628996950183,-25.65468533913925,0.335666436558059,-1.6627172852761074
539,219.9240385507234,-26.80588018892428,-0.4043765137763594,-0.7964584276242073
540,220.0828788447434,-26.92141992715387,-0.6500167640610202,-0.7178340877099334
541,220.0486863796257,-26.910330657412235,0.0755537651647202,-1.3578688662515883
542,220.14080276033445,-26.846304548221607,0.0097515003710234,-1.7129555552928275
543,220.13088694185925,-26.7300862146783,0.4410207718390363,-1.1252800402501049
544,220.0224545863753,-26.769590475446307,-0.7165125849147999,-1.82456561410352
545,219.98957306354788,-26.75836381892209,0.3469659699821316,-1.5631813307469966
546,220.0055102569421,-26.7099549518109,-0.7311733653501922,-0.4877577054419098
547,220.122528795566,-26.69485003909705,-0.0777407358868883,-0.997457423431247
548,220.84261484622337,-26.89044189763469,-0.8082938190652081,-0.9043378236525558
549,220.6483603428665,-27.00295221318566,0.550870890046713,-1.8914835640782328
550,220.5608020640148,-27.010762065019303,-0.9130914410576484,-0.3674511678836678
551,220.74355763820435,-26.93438737491937,-0.0283087594345042,-1.1077893853340253
552,220.6498691763844,-26.94833858448161,-0.7426377731071087,-1.764484530276187
553,220.52307195625963,-26.89797262727208,-0.5734815680128522,-1.7307346977330798
554,220.60483478378825,-26.882666303580805,-0.3368238804135677,-0.228458504639595
555,220.6130396978706,-26.83856767185736,-0.4113688328354888,-0.5074219732441936
556,220.7466357485769,-26.899051856011333,-0.589280274031698,-1.6381992250688229
557,220.75861062702504,-26.897348001861285,0.0332065422270442,-1.8055003237255045
558,220.8081670285382,-26.766574140863188,-0.8475970190065877,-1.6941599144997004
559,220.6815477275269,-26.793560233317,0.6633253469919632,-1.785090870734079
560,220.6620626130074,-26.80142996415884,0.1449044500603363,-1.4343243095695968
561,220.67484854854533,-26.78477468155126,-0.5961397536314551,-0.704928058437087
562,220.78840148147785,-26.63612712483789,-0.4476710480496449,-1.1790075738724597
563,220.7883165302169,-26.636835642680666,-0.7357761600288522,-1.2386842491017562
564,220.8390266998187,-26.6595201340308,-0.91138321050309,-0.1313193066731716
565,220.8621520861395,-26.642670153834167,-0.3805267270205406,-1.8491893886322408
566,220.7961547816049,-26.61932078072084,0.0588082237212477,-1.0602717838162643
567,220.4679807735343,-26.87606108067827,0.0092289677408419,-1.8419639031005048
568,220.43350935556148,-26.84724676753133,-0.3241019572672186,-1.7426488605111825
569,220.439137784749,-26.77304242080862,-0.8078358416473621,-1.2680422922068688
570,220.53365246240364,-26.73664669390867,0.603744001686274,-1.7697631967383758
571,220.592272022022,-26.73098890850501,-0.6160946130381757,-1.2400572199893825
572,220.68435851929527,-26.689122531879445,-0.9996359105774528,-1.8631427408548464
573,220.5918712679874,-26.65319017145456,-0.5925111281457551,-0.2428072608751831
574,220.65773741623687,-26.614457141742403,-0.518576698842494,-0.4011367623430958
575,220.70251737274145,-26.55324830323222,-0.0828517176571081,-1.5068859679560582
576,220.4495091928529,-26.61104470299645,0.5527882043580823,-0.8428680058025317
577,220.6157849725844,-26.57983670090436,0.3829937085446627,-0.3823152905420942
578,220.55086777170308,-26.552620074711506,-0.9661706964032192,-0.5168782420773987
579,220.3508773749521,-26.615005488535697,-0.9580672586762932,-1.2039035345224791
580,220.3218470942681,-26.594521995741783,0.3840808710322029,-1.0373311415583215
581,220.30312836334065,-26.58768480260224,-0.9511298609857696,-1.5902282184266447
582,220.18026362594333,-26.62159996154577,-0.9535044440301744,-0.8129379104302226
583,220.1330398849337,-26.623852237775257,0.4710213004257778,-1.6497735386394394
584,220.2567759779741,-26.49625094080084,-0.6656689032291498,-1.826220454875675
585,220.2640002575505,-26.47266415841965,-0.190550850841229,-1.7098400714858286
586,220.4287067474104,-26.542547683484965,-0.937495284688994,-1.7149839574493788
587,220.5758502083262,-26.4656295462326,-0.3293348481631956,-0.8118866267999584
588,220.48558120128635,-26.420295280569125,0.1062669397390775,-1.0429357000653994
589,220.2841425936977,-26.454614108013324,0.2724369824637837,-0.5816405061092893
590,220.3799090629665,-26.350408904526475,-0.8561787375056569,-1.749625458766013
591,220.42315323859452,-26.333631542708048,-0.5650528002698352,-0.2679732302953224
592,220.3951223418427,-26.32034437839353,-0.7297223779923819,-1.4290123391348697
593,220.7587969701774,-26.53568215072182,-0.9681842337444406,-1.7355962706061112
594,220.7547712877766,-26.5306860980059,-0.969752911400528,-1.643508540929613
595,220.8914308796261,-26.47219084239673,0.6754947553818348,-1.3066083526545094
596,220.8177853706269,-26.475835815909555,-0.7531721737509469,-0.6374357290930599
597,220.8772018149003,-26.410161228491425,-0.1344343655385422,-0.417608156642284
598,220.69255352958885,-26.51182980213801,-0.448521938392026,-1.4954785385488094
599,220.75333836830023,-26.468138777536275,0.102313495050152,-0.3111740933141163
600,220.67223805744612,-26.44568464084944,-0.1071684394404416,-1.1075635129558932
601,220.8358406829365,-26.34264842327985,0.0398878969958942,-1.7470592244338106
602,220.8676144337809,-26.35206409038678,-0.6001481898600323,-1.4526556646628812
603,220.60251068420675,-26.4041774555546,-0.7025872401187654,-0.8120803033727579
604,220.7135812471981,-26.32663508114237,-0.9125957180313738,-1.8907165894534808
605,220.7637674600045,-26.26604472066638,-0.6956072704999086,-0.8157381752237943
606,220.7090636466949,-26.23124930349554,0.091503584930297,-1.112889085252479
607,220.69074257671105,-26.198193279498444,-0.9764578681563072,-0.8310515960970888
608,220.5481939355794,-26.270573574463167,-0.180038745871962,-0.6452001860328975
609,220.45144703879987,-26.28192702938593,-0.4432273831008778,-0.4862174882656511
610,220.49048796468725,-26.25437077150622,-0.0597540648037626,-0.3892254851430429
611,220.502822633741,-26.240227405778608,-0.6521629811276288,-0.8623946536171947
612,220.64879082051672,-26.2165324863082,-0.7109620197881208,-0.5195369847865364
613,220.74718195790365,-26.23246605222518,0.556096874653065,-1.569520893330862
614,220.80120076757387,-26.201422254263303,-0.1074599385961357,-1.8663197366466373
615,220.68907409538824,-26.187938624351457,-0.4502033760145119,-1.4476148691769026
616,220.7328551309075,-26.14805489415289,-0.2699354249908746,-0.89165222838608
617,220.71052548739524,-26.150901792266364,-0.9625537581410464,-0.400257852688993
618,219.3276521548212,-27.26728052917353,-0.7967533759678816,-0.2665707613001381
619,219.2257963073613,-27.172318305465204,-0.9019634840227888,-0.3025967685270804
620,219.1622410670485,-27.12137780552541,0.0592207228145172,-1.300553980585283
